use Dalat
INSERT INTO Hotel (ID,name,address) values(100000001,N'Cú trên Cây',N'37 Đường Đặng Thái Thân, Phường 3, Thành phố Đà Lạt, Lâm Đồng ')
set dateformat DMY;
 INSERT INTO staff (ID,hotel_id, [level], first_name, last_name, birthday, manager_id) values(10001,100000001,3,N'Huy',N'Lưu','21/6/1998',10001)
 INSERT INTO staff (ID,hotel_id, [level], first_name, last_name, birthday, manager_id) values(10002,100000001,2,N'Minh',N'Trần','30/6/1997',10001)
 INSERT INTO staff (ID,hotel_id, [level], first_name, last_name, birthday, manager_id) values(10003,100000001,2,N'An',N'Mã','1/8/2003',10001)
 INSERT INTO staff (ID,hotel_id, [level], first_name, last_name, birthday, manager_id) values(10004,100000001,2,N'Phú',N'Khánh','23/10/1999',10001)
 INSERT INTO staff (ID,hotel_id, [level], first_name, last_name, birthday, manager_id) values(10005,100000001,1,N'Cường',N'Huỳnh','15/12/1994',10003)
 INSERT INTO staff (ID,hotel_id, [level], first_name, last_name, birthday, manager_id) values(10006,100000001,1,N'Thành',N'Đinh','1/9/1991',10003)
 INSERT INTO staff (ID,hotel_id, [level], first_name, last_name, birthday, manager_id) values(10007,100000001,1,N'Phú',N'Nguyễn','13/8/1998',10003)
 INSERT INTO staff (ID,hotel_id, [level], first_name, last_name, birthday, manager_id) values(10008,100000001,1,N'Thuận',N'Lý','4/1/1980',10003)
 INSERT INTO staff (ID,hotel_id, [level], first_name, last_name, birthday, manager_id) values(10009,100000001,1,N'Khánh',N'Phạm','7/12/1995',10003)
 INSERT INTO staff (ID,hotel_id, [level], first_name, last_name, birthday, manager_id) values(10010,100000001,1,N'Phước',N'Phạm','17/10/2001',10003)
 INSERT INTO staff (ID,hotel_id, [level], first_name, last_name, birthday, manager_id) values(10011,100000001,1,N'Kiên',N'Nguyễn','4/8/1981',10003)
 INSERT INTO staff (ID,hotel_id, [level], first_name, last_name, birthday, manager_id) values(20001,100000001,2,N'Thương',N'Hoài','10/6/1999',10003)
 INSERT INTO staff (ID,hotel_id, [level], first_name, last_name, birthday, manager_id) values(20002,100000001,1,N'Anh',N'Phương','18/10/1984',10003)
 INSERT INTO staff (ID,hotel_id, [level], first_name, last_name, birthday, manager_id) values(20003,100000001,1,N'Thái',N'Phạm','25/9/1998',10004)
 INSERT INTO staff (ID,hotel_id, [level], first_name, last_name, birthday, manager_id) values(20004,100000001,1,N'Chiến',N'Minh','2/2/2000',10004)
 INSERT INTO staff (ID,hotel_id, [level], first_name, last_name, birthday, manager_id) values(20005,100000001,1,N'Nguyên',N'Thảo','26/2/1972',10004)
 INSERT INTO staff (ID,hotel_id, [level], first_name, last_name, birthday, manager_id) values(20006,100000001,1,N'Hoàng',N'Minh','22/7/1986',10004)
 INSERT INTO staff (ID,hotel_id, [level], first_name, last_name, birthday, manager_id) values(20007,100000001,1,N'Tân',N'Văn','16/10/1975',10004)
 INSERT INTO staff (ID,hotel_id, [level], first_name, last_name, birthday, manager_id) values(20008,100000001,1,N'Tuấn',N'Quốc','6/11/1978',10002)
 INSERT INTO staff (ID,hotel_id, [level], first_name, last_name, birthday, manager_id) values(20009,100000001,1,N'Học',N'Thái','24/4/1980',10002)
 INSERT INTO staff (ID,hotel_id, [level], first_name, last_name, birthday, manager_id) values(30001,100000001,2,N'Phương',N'Mai','20/5/1989',10002)
 INSERT INTO staff (ID,hotel_id, [level], first_name, last_name, birthday, manager_id) values(30002,100000001,1,N'Chi ',N'Diệp','12/7/1980',10002)
 INSERT INTO staff (ID,hotel_id, [level], first_name, last_name, birthday, manager_id) values(30003,100000001,1,N'Hưng',N'Lê','10/4/1974',10002)
 INSERT INTO staff (ID,hotel_id, [level], first_name, last_name, birthday, manager_id) values(30004,100000001,1,N'Thịnh',N'Phước','6/8/1980',10002)
 INSERT INTO staff (ID,hotel_id, [level], first_name, last_name, birthday, manager_id) values(30005,100000001,1,N'Bảo',N'Minh','2/11/1987',10002)
 INSERT INTO staff (ID,hotel_id, [level], first_name, last_name, birthday, manager_id) values(30006,100000001,1,N'Tùng',N'Thanh','1/9/1988',10002)
 INSERT INTO staff (ID,hotel_id, [level], first_name, last_name, birthday, manager_id) values(30007,100000001,1,N'Sỹ',N'Phú','14/2/1973',10002)
 INSERT INTO staff (ID,hotel_id, [level], first_name, last_name, birthday, manager_id) values(30008,100000001,1,N'Hào',N'Trần','13/7/1976',10002)
INSERT INTO room_type (ID, description, max_capacity) values(001,'deluxe','2')
INSERT INTO room_type (ID, description, max_capacity) values(002,'standard','4')
INSERT INTO room_type (ID, description, max_capacity) values(003,'standard','2')
INSERT INTO room_type (ID, description, max_capacity) values(004,'single','1')
INSERT INTO room_type (ID, description, max_capacity) values(005,'deluxe','4')
INSERT INTO room_type (ID, description, max_capacity) values(006,'suite','2')
INSERT INTO room_type (ID, description, max_capacity) values(007,'suite','4')
INSERT INTO room_type (ID, description, max_capacity) values(008,'penhouse','6')
INSERT INTO room_type (ID, description, max_capacity) values(009,'penhouse','8')
INSERT INTO room_type (ID, description, max_capacity) values(010,'luxury','4')
INSERT INTO room (ID,hotel_id, smoke, status, room_type_id) values(001,100000001,'no','OCC',002)
INSERT INTO room (ID,hotel_id, smoke, status, room_type_id) values(002,100000001,'no','OCC',001)
INSERT INTO room (ID,hotel_id, smoke, status, room_type_id) values(003,100000001,'no','OCC',010)
INSERT INTO room (ID,hotel_id, smoke, status, room_type_id) values(004,100000001,'yes','OCC',003)
INSERT INTO room (ID,hotel_id, smoke, status, room_type_id) values(005,100000001,'no','OCC',009)
INSERT INTO room (ID,hotel_id, smoke, status, room_type_id) values(006,100000001,'no','unoccupied',003)
INSERT INTO room (ID,hotel_id, smoke, status, room_type_id) values(007,100000001,'no','unoccupied',005)
INSERT INTO room (ID,hotel_id, smoke, status, room_type_id) values(008,100000001,'no','unoccupied',005)
INSERT INTO room (ID,hotel_id, smoke, status, room_type_id) values(009,100000001,'yes','unoccupied',007)
INSERT INTO room (ID,hotel_id, smoke, status, room_type_id) values(010,100000001,'yes','unoccupied',003)
INSERT INTO room (ID,hotel_id, smoke, status, room_type_id) values(011,100000001,'no','OCC',003)
INSERT INTO room (ID,hotel_id, smoke, status, room_type_id) values(012,100000001,'no','OCC',003)
INSERT INTO room (ID,hotel_id, smoke, status, room_type_id) values(013,100000001,'no','OCC',004)
INSERT INTO room (ID,hotel_id, smoke, status, room_type_id) values(014,100000001,'no','OCC',001)
INSERT INTO room (ID,hotel_id, smoke, status, room_type_id) values(015,100000001,'no','OCC',007)
INSERT INTO room (ID,hotel_id, smoke, status, room_type_id) values(016,100000001,'yes','OCC',006)
INSERT INTO room (ID,hotel_id, smoke, status, room_type_id) values(017,100000001,'no','OCC',004)
INSERT INTO room (ID,hotel_id, smoke, status, room_type_id) values(018,100000001,'no','unoccupied',007)
INSERT INTO room (ID,hotel_id, smoke, status, room_type_id) values(019,100000001,'yes','unoccupied',002)
INSERT INTO room (ID,hotel_id, smoke, status, room_type_id) values(020,100000001,'no','unoccupied',010)
INSERT INTO room (ID,hotel_id, smoke, status, room_type_id) values(021,100000001,'yes','unoccupied',010)
INSERT INTO room (ID,hotel_id, smoke, status, room_type_id) values(022,100000001,'no','OCC',006)
INSERT INTO room (ID,hotel_id, smoke, status, room_type_id) values(023,100000001,'yes','OCC',002)
INSERT INTO room (ID,hotel_id, smoke, status, room_type_id) values(024,100000001,'no','OCC',006)
INSERT INTO room (ID,hotel_id, smoke, status, room_type_id) values(025,100000001,'no','OCC',004)
INSERT INTO room (ID,hotel_id, smoke, status, room_type_id) values(026,100000001,'no','OCC',008)
INSERT INTO room (ID,hotel_id, smoke, status, room_type_id) values(027,100000001,'no','unoccupied',007)
INSERT INTO room (ID,hotel_id, smoke, status, room_type_id) values(028,100000001,'no','OCC',009)
set dateformat YMD;
INSERT INTO guest (ID, first_name, last_name, phone_number) values(001,N'Hiền',N'Trịnh','0903624836')
INSERT INTO guest (ID, first_name, last_name, phone_number) values(002,N'Hưng',N'Nguyễn','0903624837')
INSERT INTO guest (ID, first_name, last_name, phone_number) values(003,N'Nghĩa',N'Phạm','0903624838')
INSERT INTO guest (ID, first_name, last_name, phone_number) values(004,N'Lợi',N'Tăng','0903624839')
INSERT INTO guest (ID, first_name, last_name, phone_number) values(005,N'Hoàng',N'Nguyễn','0903624840')
INSERT INTO guest (ID, first_name, last_name, phone_number) values(006,N'Toàn',N'Lý','0903624841')
INSERT INTO guest (ID, first_name, last_name, phone_number) values(007,N'Hương',N'Nguyễn','0903624842')
INSERT INTO guest (ID, first_name, last_name, phone_number) values(008,N'Dung',N'Phạm','0903624843')
INSERT INTO guest (ID, first_name, last_name, phone_number) values(009,N'Khang',N'Nguyễn','0903624844')
INSERT INTO guest (ID, first_name, last_name, phone_number) values(010,N'Oanh',N'Vy','0903624845')
INSERT INTO guest (ID, first_name, last_name, phone_number) values(011,N'Hải',N'Nam','0923167728')
INSERT INTO guest (ID, first_name, last_name, phone_number) values(012,N'Độ',N'Phùng','0927778264')
INSERT INTO guest (ID, first_name, last_name, phone_number) values(013,N'Việt',N'Anh','0972837655')
INSERT INTO guest (ID, first_name, last_name, phone_number) values(014,N'Hải',N'Nam','0292842332')
INSERT INTO guest (ID, first_name, last_name, phone_number) values(015,N'Minh',N'Anh','0992873662')
INSERT INTO guest (ID, first_name, last_name, phone_number) values(016,N'An',N'Văn','0967238812')
INSERT INTO guest (ID, first_name, last_name, phone_number) values(017,N'Linh',N'Khánh','0967172381')
INSERT INTO guest (ID, first_name, last_name, phone_number) values(018,N'Nam',N'Hoàng','0926318231')
INSERT INTO guest (ID, first_name, last_name, phone_number) values(019,N'Khải',N'Quang','0829312731')
INSERT INTO guest (ID, first_name, last_name, phone_number) values(020,N'Nghĩa',N'Trung','0923717231')
 INSERT INTO reservation (ID, date_in, date_out, guest_id, deposit) values(001,'2022-10-16 00:00:00','2022-10-17 00:00:00',001,'0')
 INSERT INTO reservation (ID, date_in, date_out, guest_id, deposit) values(002,'2022-10-16 00:00:00','2022-10-17 00:00:00',001,'0')
 INSERT INTO reservation (ID, date_in, date_out, guest_id, deposit) values(003,'2022-10-16 00:00:00','2022-10-18 00:00:00',003,'0')
 INSERT INTO reservation (ID, date_in, date_out, guest_id, deposit) values(004,'2022-10-17 00:00:00','2022-10-18 00:00:00',004,'0')
 INSERT INTO reservation (ID, date_in, date_out, guest_id, deposit) values(005,'2022-10-17 00:00:00','2022-10-19 00:00:00',005,'0')
 INSERT INTO reservation (ID, date_in, date_out, guest_id, deposit) values(006,'2022-10-17 00:00:00','2022-10-19 00:00:00',006,'0')
 INSERT INTO reservation (ID, date_in, date_out, guest_id, deposit) values(007,'2022-10-18 00:00:00','2022-10-19 00:00:00',007,'0')
 INSERT INTO reservation (ID, date_in, date_out, guest_id, deposit) values(008,'2022-10-19 00:00:00','2022-10-20 00:00:00',008,'0')
 INSERT INTO reservation (ID, date_in, date_out, guest_id, deposit) values(009,'2022-10-19 00:00:00','2022-10-20 00:00:00',009,'0')
 INSERT INTO reservation (ID, date_in, date_out, guest_id, deposit) values(010,'2022-10-20 00:00:00','2022-10-21 00:00:00',010,'0')
 INSERT INTO reservation (ID, date_in, date_out, guest_id, deposit) values(011,'2022-10-20 00:00:00','2022-10-22 00:00:00',011,'0')
 INSERT INTO reservation (ID, date_in, date_out, guest_id, deposit) values(012,'2022-10-21 00:00:00','2022-10-22 00:00:00',012,'0')
 INSERT INTO reservation (ID, date_in, date_out, guest_id, deposit) values(013,'2022-10-22 00:00:00','2022-10-23 00:00:00',012,'0')
 INSERT INTO reservation (ID, date_in, date_out, guest_id, deposit) values(014,'2022-10-22 00:00:00','2022-10-25 00:00:00',013,'0')
INSERT INTO reserved_room (ID, number_of_rooms, room_type_id, reservation_id) values(001,1,001,001)
INSERT INTO reserved_room (ID, number_of_rooms, room_type_id, reservation_id) values(002,1,002,002)
INSERT INTO reserved_room (ID, number_of_rooms, room_type_id, reservation_id) values(003,1,003,003)
INSERT INTO reserved_room (ID, number_of_rooms, room_type_id, reservation_id) values(004,1,004,004)
INSERT INTO reserved_room (ID, number_of_rooms, room_type_id, reservation_id) values(005,1,005,005)
INSERT INTO reserved_room (ID, number_of_rooms, room_type_id, reservation_id) values(006,1,006,006)
INSERT INTO reserved_room (ID, number_of_rooms, room_type_id, reservation_id) values(007,1,007,007)
INSERT INTO reserved_room (ID, number_of_rooms, room_type_id, reservation_id) values(008,1,008,008)
INSERT INTO reserved_room (ID, number_of_rooms, room_type_id, reservation_id) values(009,1,009,009)
INSERT INTO reserved_room (ID, number_of_rooms, room_type_id, reservation_id) values(010,1,010,010)
INSERT INTO reserved_room (ID, number_of_rooms, room_type_id, reservation_id) values(011,1,001,011)
INSERT INTO reserved_room (ID, number_of_rooms, room_type_id, reservation_id) values(012,1,002,012)
INSERT INTO reserved_room (ID, number_of_rooms, room_type_id, reservation_id) values(013,1,001,013)
INSERT INTO reserved_room (ID, number_of_rooms, room_type_id, reservation_id) values(014,1,006,014)
INSERT INTO reserved_room (ID, number_of_rooms, room_type_id, reservation_id) values(015,1,002,001)
INSERT INTO reserved_room (ID, number_of_rooms, room_type_id, reservation_id) values(016,1,003,002)
INSERT INTO reserved_room (ID, number_of_rooms, room_type_id, reservation_id) values(017,1,005,003)
INSERT INTO reserved_room (ID, number_of_rooms, room_type_id, reservation_id) values(018,1,007,004)
INSERT INTO reserved_room (ID, number_of_rooms, room_type_id, reservation_id) values(019,1,004,005)
INSERT INTO reserved_room (ID, number_of_rooms, room_type_id, reservation_id) values(020,1,009,006)
INSERT INTO occupied_room (ID, check_in, check_out, room_id, reservation_id) values(001,'2022-10-16 00:00:00','2022-10-17 00:00:00',001,001)
INSERT INTO occupied_room (ID, check_in, check_out, room_id, reservation_id) values(002,'2022-10-16 00:00:00','2022-10-17 00:00:00',002,002)
INSERT INTO occupied_room (ID, check_in, check_out, room_id, reservation_id) values(003,'2022-10-16 00:00:00','2022-10-18 00:00:00',003,003)
INSERT INTO occupied_room (ID, check_in, check_out, room_id, reservation_id) values(004,'2022-10-17 00:00:00','2022-10-18 00:00:00',004,004)
INSERT INTO occupied_room (ID, check_in, check_out, room_id, reservation_id) values(005,'2022-10-17 00:00:00','2022-10-19 00:00:00',005,005)
INSERT INTO occupied_room (ID, check_in, check_out, room_id, reservation_id) values(006,'2022-10-17 00:00:00','2022-10-19 00:00:00',006,006)
INSERT INTO occupied_room (ID, check_in, check_out, room_id, reservation_id) values(007,'2022-10-18 00:00:00','2022-10-19 00:00:00',007,007)
INSERT INTO occupied_room (ID, check_in, check_out, room_id, reservation_id) values(008,'2022-10-19 00:00:00','2022-10-20 00:00:00',008,008)
INSERT INTO occupied_room (ID, check_in, check_out, room_id, reservation_id) values(009,'2022-10-19 00:00:00','2022-10-20 00:00:00',009,009)
INSERT INTO occupied_room (ID, check_in, check_out, room_id, reservation_id) values(010,'2022-10-20 00:00:00','2022-10-21 00:00:00',010,010)
INSERT INTO occupied_room (ID, check_in, check_out, room_id, reservation_id) values(011,'2022-10-20 00:00:00','2022-10-22 00:00:00',011,011)
INSERT INTO occupied_room (ID, check_in, check_out, room_id, reservation_id) values(012,'2022-10-21 00:00:00','2022-10-22 00:00:00',012,012)
INSERT INTO occupied_room (ID, check_in, check_out, room_id, reservation_id) values(013,'2022-10-22 00:00:00','2022-10-23 00:00:00',013,013)
INSERT INTO occupied_room (ID, check_in, check_out, room_id, reservation_id) values(014,'2022-10-22 00:00:00','2022-10-25 00:00:00',001,014)
INSERT INTO occupied_room (ID, check_in, check_out, room_id, reservation_id) values(015,'2022-10-16 00:00:00','2022-10-17 00:00:00',002,001)
INSERT INTO occupied_room (ID, check_in, check_out, room_id, reservation_id) values(016,'2022-10-16 00:00:00','2022-10-18 00:00:00',003,003)
INSERT INTO occupied_room (ID, check_in, check_out, room_id, reservation_id) values(017,'2022-10-17 00:00:00','2022-10-18 00:00:00',004,005)
INSERT INTO occupied_room (ID, check_in, check_out, room_id, reservation_id) values(018,'2022-10-17 00:00:00','2022-10-19 00:00:00',005,006)
INSERT INTO occupied_room (ID, check_in, check_out, room_id, reservation_id) values(019,'2022-10-18 00:00:00','2022-10-19 00:00:00',006,007)
INSERT INTO occupied_room (ID, check_in, check_out, room_id, reservation_id) values(020,'2022-10-19 00:00:00','2022-10-20 00:00:00',001,008)
INSERT INTO hosted_at (ID, guest_id, occupied_room_id) values(001,001,001)
INSERT INTO hosted_at (ID, guest_id, occupied_room_id) values(002,001,002)
INSERT INTO hosted_at (ID, guest_id, occupied_room_id) values(003,003,003)
INSERT INTO hosted_at (ID, guest_id, occupied_room_id) values(004,004,004)
INSERT INTO hosted_at (ID, guest_id, occupied_room_id) values(005,005,005)
INSERT INTO hosted_at (ID, guest_id, occupied_room_id) values(006,006,006)
INSERT INTO hosted_at (ID, guest_id, occupied_room_id) values(007,007,007)
INSERT INTO hosted_at (ID, guest_id, occupied_room_id) values(008,008,008)
INSERT INTO hosted_at (ID, guest_id, occupied_room_id) values(009,009,009)
INSERT INTO hosted_at (ID, guest_id, occupied_room_id) values(010,010,010)
INSERT INTO hosted_at (ID, guest_id, occupied_room_id) values(011,011,011)
INSERT INTO hosted_at (ID, guest_id, occupied_room_id) values(012,012,012)
INSERT INTO hosted_at (ID, guest_id, occupied_room_id) values(013,012,013)
INSERT INTO hosted_at (ID, guest_id, occupied_room_id) values(014,013,014)
INSERT INTO hosted_at (ID, guest_id, occupied_room_id) values(015,014,001)
INSERT INTO hosted_at (ID, guest_id, occupied_room_id) values(016,015,003)
INSERT INTO hosted_at (ID, guest_id, occupied_room_id) values(017,016,004)
INSERT INTO hosted_at (ID, guest_id, occupied_room_id) values(018,017,006)
INSERT INTO hosted_at (ID, guest_id, occupied_room_id) values(019,018,007)
INSERT INTO hosted_at (ID, guest_id, occupied_room_id) values(020,019,009)
INSERT INTO hosted_at (ID, guest_id, occupied_room_id) values(021,001,015)
INSERT INTO hosted_at (ID, guest_id, occupied_room_id) values(022,003,016)
INSERT INTO hosted_at (ID, guest_id, occupied_room_id) values(023,005,017)
INSERT INTO hosted_at (ID, guest_id, occupied_room_id) values(024,006,018)
INSERT INTO hosted_at (ID, guest_id, occupied_room_id) values(025,007,019)
INSERT INTO hosted_at (ID, guest_id, occupied_room_id) values(026,008,020)
